{"cameraMode":{"drawMode":0,"name":"Shaded","section":"Shading Mode"},"sceneLighting":true,"audioPlay":false,"sceneViewState":{"showFog":true,"showMaterialUpdate":true,"showSkybox":true,"showFlares":true,"showImageEffects":true,"showParticleSystems":true,"showVisualEffectGraphs":true,"m_FxEnabled":true},"in2DMode":false,"pivot":{"x":-9.50235652923584,"y":1.0103015899658204,"z":-14.02960205078125},"rotation":{"x":-0.016849124804139139,"y":0.1716345101594925,"z":0.0029278811998665334,"w":0.9850577116012573},"size":54.956302642822269,"orthographic":false}